{
  "0": 0.2315749268730484,
  "1": 0.20056108107346676,
  "2": 0.19706902782094948,
  "3": 0.19797850087031757,
  "4": 0.17281646336221784
}